Algorithm,NumTrees,MaxIter,RegParam,AUC,Accuracy,ModelTag
rf,10,10,0.0,0.8458024552818343,0.7618516034080556,rf_t10
rf,50,10,0.0,0.8487001783041116,0.7564651935803607,rf_t50
rf,100,10,0.0,0.8467489806283874,0.754172465233628,rf_t100
lr,20,5,0.0,0.777319468176442,0.7075019272934793,lr_i5_r0.0
lr,20,5,0.1,0.769537104011635,0.7025910833892332,lr_i5_r0.1
lr,20,20,0.0,0.7772713460534703,0.707672129834503,lr_i20_r0.0
lr,20,20,0.1,0.7694646111636188,0.7024308927623872,lr_i20_r0.1
